img_id,anno_image_quality,anno_texts
mcocr_private_145121vspoh.jpg,0.8197133992289418,"MINIMART ANAN|||Ngày: 10/08/2020-17:10|||Tổng tiền:|||135,336"
mcocr_private_145121ulqxe.jpg,0.5125053776113335,"PHỐ MỎ|||Tổ 7 khu Tân Lập 4. P.Cẩm Thủy -|||Tp. Cẩm Phả - Quảng Ninh|||13/08/2020 - 19:52|||Tổng cộng:|||20,000"
mcocr_private_145121rtufg.jpg,0.6375146591845596,Welcome to Trung Nguyen Legend|||04/20/19 11:25|||Trans:|||40497
mcocr_private_145121eojyh.jpg,0.6116053690744114,"MINIMART ANAN|||Ngày: 10/08/2020 -17:22|||Tổng cộng:|||68,1000"
mcocr_private_145121zrjti.jpg,0.8682356070820062,VinCommerce|||Số 500 Trần Phú P. Còn Thuỵ|||TP Cẩm Phả Quảng Ninh|||Ngày bán: 14/08/2020 07:39|||TỔNG TIỀN PHẢI T.TOÁN|||61.000
mcocr_private_145120nwfxv.jpg,0.8383497437114557,VinCommerce|||Số 590 Trần Phú P. Cẩm Thủy|||TP. Cẩm Phả Quảng Ninh|||Ngày bán: 15/08/2020 07:43|||TỔNG TIỀN PHẢI T.TOÁN|||31.320
mcocr_private_145121mldik.jpg,0.9460897838524227,"VinCommerce|||Tổ 7, Khu Minh Tiến A|||P. Cẩm Bình, TP. Cẩm Phà, QNH|||Ngày bán: 13/08/2020 19:49|||TỔNG TIỀN PHẢI T.TOÁN|||28.000"
mcocr_private_145121kpago.jpg,0.543469416314708,"VinCommerce|||DA Khu DCLB cọc 8, P. Cẩm Sơn|||TP. Cẩm Phả T. Quảng Ninh|||Ngày bán: 14/08/2020 17:50|||TỔNG TIỀN PHẢI T.TOÁN|||12.800"
mcocr_private_145120mfwwi.jpg,0.7109609098426353,BIBO MART|||HẠN: 2024/12/31|||:14/08/2020 19:05:19|||TỔNG:|||50.000 Đ
mcocr_private_145120eghoa.jpg,0.5148986097190351,"CỬA HÀNG NĂM OÁNH|||Ngày: 11-08-2020|||Cộng tiền hàng|||354,000"
mcocr_private_145120qxnqk.jpg,0.6093189874018017,"VinCommerce|||Tổ 7, Khu Minh Tiến A|||P. Cẩm Bình, TP. Cẩm Phả ÔNH|||Ngày bán: 14/08/2020 11:54|||TỔNG TIỀN PHẢI T.TOÁN|||8.800"
mcocr_private_145121bciwl.jpg,0.7526776440516811,"VinCommerce|||Tó 7, Khu Minh Tiến A|||P. Cẩm Binh, TP. Cẩm Phả QNH|||Ngày bán: 13/08/2020 21:47|||TỔNG TIỀN PHẢI T.TOÁN|||103.000"
mcocr_private_145120vcpfc.jpg,0.5132679848419318,"VinCommerce|||Tổ 7, Khu Minh Tiến A|||P. Cẩm Bình, TP. Cẩm Phà, QNH|||Ngày bán: 15/08/2020 10:47|||TỔNG TIỀN PHẢI T.TOÁN|||16.000"
mcocr_private_145120rlash.jpg,0.5994188253433242,"CỬA HÀNG NĂM OÁNH|||Ngày: 11-08-2020|||Cộng tiền háng|||105,000"
mcocr_private_145120rwlmr.jpg,0.8249422188897616,"MINIMART ANAN|||Ngày: 13/08/2020-18:02|||Tổng cộng:|||117,000"
mcocr_private_145120fevhe.jpg,0.7724707403016083,"Vietcombank|||19:42:31|||L TỔNG CỘNG:|||VND229,869"
mcocr_private_145120mnfhj.jpg,0.6102203110203483,SCTC CÔ THỎ 104 TRẦN PHÚ - CẨM PHẢ|||104 Trần Phú|||phường Cẩm Tây - Thành Phố Cẩm|||Phả - Quảng Ninh|||Ngày: 09/08/2020 (08:09|||Tổng số thanh toán:|||25.000đ
mcocr_private_145120ndgdc.jpg,0.7946328419379544,"VinCommerce|||VM?HNI 32 Láng Trung|||Đing Đà, Hà Nội|||Ngày bán: 22/07/2020220:43|||TỔNG TIỀN PHẢI T.TOÁN|||27.500"
mcocr_private_145120podbv.jpg,0.9047152283389133,NHÀ SÁCH GC-TD CẨM PHẢ|||Đó: 212 Đường Trấn Phú-Cẩm Phả|||Thời gian: 17:54:19 - 14/08/2020|||Tổng số thanh toán:|||90.000đ
mcocr_private_145121bgtjt.jpg,0.5032493798390305,"VinCommerce|||Tổ 7, Khu Minh Tiến A|||P. Cẩm Bình, TP. Cẩm Phả Quin|||Ngày bán: 14/08/2020 06:59|||TỔNG TIỀN PHẢI T.TOÁN|||12.000"
mcocr_private_145120efkkx.jpg,0.902909625916404,04:10:2020 10:33|||04:10:2020 10:35|||Tiền Thanh Toán:|||240 000
mcocr_private_145121boead.jpg,0.8490696974941134,THỨC COFFEE|||31:03:2019|||Tiền Thanh Toán:|||70 000
mcocr_private_145120mwmhc.jpg,0.6701252582589959,"Saigon Co.op|||Tang 1,5H42 + Toa K3,Cong trinh chung cu|||ket hop dich vu tren o dat H-CT2 thuoc|||Du an Dau tu xay dung Khu nha o Hà Brand|||tai Khu do thi Noi Van Phu|||P. Phú La, Q. Ha Dong Tp Ha Noi|||Ngay: 19/09/2019|||18:37:23|||Tong so tien thanh toan|||169,190,00"
mcocr_private_145121fbfct.jpg,0.5777397499058907,VinCommerce|||Ngày bán: 12/08/2020 16:09|||TỔNG TIỀN PHẢI T.TOÁN|||397.300
mcocr_private_145121trljp.jpg,0.9786065361033907,VinCommerce|||Số 112 Thanh Niên P. Cẩm Thành|||TP. Cẩm Phả Quảng Ninh|||Ngày bán: 14/08/2020 09:41|||TỔNG TIỀN PHẢI T.TOÁN|||20.250
mcocr_private_145120zcmaj.jpg,0.6682972725563134,"MINIMART ANAN|||Ngày: 15/08/2020-08:46|||Tổng cộng:|||218,000"
mcocr_private_145120mobxm.jpg,0.5463729216900739,"Ngay: 19/09/2019|||18:17:43|||Tong so tien thanh toan|||30,265,00"
mcocr_private_145121cqrlq.jpg,0.548358188416732,"Ngay: 19/09/2017|||18:33:45|||Tong so tien thanh toan|||144,408,20"
mcocr_private_145120mhmmr.jpg,0.9237471831737298,"MINIMART ANAN|||Ngày: 09/08/2020-09:17|||Tổng tiền:|||112,1000"
mcocr_private_145120tnzoy.jpg,0.8018630156834455,VinCommerce|||Số 86 Đường Trần Phú P. Cẩm Tây|||TP Cẩm Phả T. Quảng Ninh|||Ngày bán: 11/08/2020 11:00|||TỔNG TIỀN PHẢI T.TOÁN|||11.960
mcocr_private_145120inznw.jpg,0.90356413663719,NS FAHASA Bắc Ninh|||CHY CỔ PHẦN PHÁT HÀNH SÁCH TP.HCM|||16:33:43 15-08-2020|||Tổng tiền:|||533.000 đ
mcocr_private_145121oihna.jpg,0.8648658933469089,THỨC COFFEE|||Tổng cộng:|||15000
mcocr_private_145121ytqjr.jpg,0.7681140457273503,"VinCommerce|||VI44 ANH TỔ 8 KHU 38 Cẩm Trung|||Tổ 8, Khu 38, P. Cẩm Trung|||TP. Cẩm Phả T. Quảng Ninh|||TỔNG TIỀN PHẢI T.TOÁN|||40.000"
mcocr_private_145121ejiwh.jpg,0.9865578819896853,"VinCommerce|||Số 1060-1082 Đường Trần Phú|||TP. Cẩm Phá, Quảng Ninh|||Ngày bán: 12/08/2020 17:16|||TỔNG TIỀN PHẢI T.TOÁN|||49.500"
mcocr_private_145120fqeaq.jpg,0.6892671886041768,THỨC COFFEE|||17:03:2019|||Tiền Thanh Toán:|||35 000
mcocr_private_145120fhsok.jpg,0.7760203156366134,VinCommerce|||Số 86 Đường Trần Phú P. Cẩm Tây|||TP Cẩm Phả T. Quảng Ninh|||Giao dịch treo|||Ngày:09/08/2020|||Thời gian: 16:35
mcocr_private_145121xnmdu.jpg,0.9147023321264974,"VinCommerce|||Tổ 7, Khu Minh Niên A|||P. Cẩm Bình, TP. Cẩm Phà, QNH|||Ngày bán: 10/08/2020 07:46|||TỔNG TIỀN PHẢI T.TOÁN|||18.800"
mcocr_private_145120wzxfx.jpg,0.809259876182123,VinCommerce|||Số 86 Đường Trần Phú P. Cẩm Tây|||TP Cẩm Phả T. Quảng Ninh|||Ngày bán:09/08/2020 16:07|||TỔNG TIỀN PHẢI T.TOÁN|||122.000
mcocr_private_145121taoai.jpg,0.9308534501553887,VinCommerce|||Số 112 Thanh Niên P. Cẩm Thành|||TP. Cẩm Phả Quảng Ninh|||Ngày bán: 15/08/2020 09:12|||TỔNG TIỀN PHẢI T.TOÁN|||12.000
mcocr_private_145120kqech.jpg,0.788676072628381,"VinCommerce|||Vi14 QNH 86 Trần Phú|||Số 35 Đường Tràn Phú P. Cẩm Tây Nội|||TP Cẩm Phá, T. Quảng Ninh|||TỔNG TIỀN PHẢI T.TOÁN|||42.600"
mcocr_private_145120opumm.jpg,0.8522859181074618,"VinCommerce|||Số 1060-1062 Đường Trần Phú|||TP. Cẩm Phá, Quảng Ninh|||Ngày bán: 13/08/2020 09:53|||TỔNG TIỀN PHẢI T.TOÁN|||76.000"
mcocr_private_145121xducg.jpg,0.5229121918278311,"Saigon Co.op|||Tang 1,5142 - Toa K3,Cong trinh chung cu|||ket hop dich vu tren o dat H-CT2 thuoc|||Du an Dau tu xay dung Khu nha o Hà Brand|||tai Khu do thi Noi Van Phu|||P. Phú La, Q. Ha Dong Tp Ha Noi|||Ngay: 23/09/2019|||11:12:15|||Tong so tien thanh toan|||53,889,00"
mcocr_private_145120kdutu.jpg,0.6139491378257734,"VinCommerce|||Số 463, Tổ 86, Khu Diêm Thủy|||P. Cẩm Đông, TP. Cẩm Phả|||Ngày bán: 15/08/2020 08:59|||TỔNG TIỀN PHẢI T.TOÁN|||105.378"
mcocr_private_145120qlhmj.jpg,0.6446939818010535,CUK CUK BUFFET BBQ & HOT POT|||15:08:2020|||Tổng cộng:|||1144 000
mcocr_private_145121qsztx.jpg,0.5398959884618137,"Saigon Co.op|||ket hop dich vu tren o dat H-CT2 thuoc|||Du an Dau tu xay dung Khu nha o Hà Brand|||tai Khu do thi Noi Van Phu|||P. Phú La, Q. Ha Dong Tp. Ha Noi|||Ngay 19/09/2019|||18:33:45|||Tong so tien thanh toan|||144,408,20"
mcocr_private_145120wsxhs.jpg,0.6163954431805151,"Vietcombank|||TỔNG:|||VND28,000"
mcocr_private_145120kfxtr.jpg,0.5505007147048646,"MINIMART ANAN|||Ngày: 13/08/2020-10:34|||Tổng tiền:|||270,016"
mcocr_private_145120ywovu.jpg,0.6389868015550461,"VinCommerce|||Tổ 7, Khu Minh Tiến A|||P. Cẩm Bình, TP. Cẩm Phả QNH|||Ngày bán: 14/08/2020 18:39|||TỔNG TIỀN PHẢI T.TOÁN|||240.000"
mcocr_private_145120slrqr.jpg,0.8178422221322001,"MINIMART ANAN|||Ngày: 15/08/2020-18:42|||Tổng tiền:|||169,000"
mcocr_private_145120ugttg.jpg,0.6824160894850422,VinCommerce|||TỔNG TIỀN PHẢI T.TOÁN|||296.900
mcocr_private_145121pyboc.jpg,0.6850904835584413,NHÀ SÁCH GC-TD CẨM PHẢ|||ĐC 212 Đường Trấn Phú-Cẩm Phả|||gian:10:2 6:16 - 13/08/2020|||Tổng số thanh toán:|||87.000đ
mcocr_private_145120stjiz.jpg,0.6047535153857438,"MINIMART ANAN|||Ngày: 13/08/2020-08:47|||Tổng cộng:|||92,000"
mcocr_private_145120bgplh.jpg,0.6334889110245567,200-3098149010:01 xei
mcocr_private_145121haoxr.jpg,0.968327293856247,"BIDV|||TỔNG:|||VND249,600"
mcocr_private_145120sfkpq.jpg,0.8240176926232967,NHÀ SÁCH GC-TD CẨM PHẢ|||ĐC 212 Đường Trần Phú-Cẩm Phả|||Thời gian: 20:34:38 - 14/08/2020|||Tổng số thanh toán:|||87.000đ
mcocr_private_145121mncbm.jpg,0.8045655028334942,"Vietcombank|||07:46:03|||10/20|||TỔNG:|||VND186, 100"
mcocr_private_145120vvopk.jpg,0.5855693240990485,BIBO MART|||TỔNG:|||100.000 Đ
mcocr_private_145120ilwww.jpg,0.8645633989751746,"VinCommerce|||DA Khu DCLB cọc 8, P. Cẩm Sơn|||TP. Cẩm Phà, T. Quảng Ninh|||Ngày bán: 12/08/2020 18:22|||TỔNG TIỀN PHẢI T.TOÁN|||17.500"
mcocr_private_145121srzde.jpg,0.5817012468809641,THỨC COFFEE|||24:03:2019|||Tiền Thanh Toán:|||35 000
mcocr_private_145120dimiw.jpg,0.689727720878824,"VinCommerce|||Số 7, Khu Minh Tiến A|||P. Cẩm Bình, TP. Cẩm Phả QNH|||Giao dịch treo|||Ngày: 12/08/2020|||Thời gian:20:52"
mcocr_private_145121pcidy.jpg,0.9947616753182976,"CỬA HÀNG NĂM OÁNH|||Ngày: 10-08-2020|||Cộng tiền hàng|||550,000"
mcocr_private_145120xajdk.jpg,0.8199998799270465,"MINIMART ANAN|||Ngày: 16/08 :19|||Tổng cộng:|||108,000"
mcocr_private_145120ddbdw.jpg,0.7784748718873231,"SIEU THI BACH HOA TONG HOP|||05 22:00|||Tổng cộng (đã gồm VAT)|||105,000"
mcocr_private_145120nxhum.jpg,0.8423071254949372,"BIG C LUNG BIEN|||222 Tran Duy Hung, Chu Giay, Ha Noi|||GIA TRI|||Ticket:05/08/2020 18:36:34|||- TONG CONG|||33.800đ"
mcocr_private_145121xmjqr.jpg,0.9214259600949049,VinCommerce|||Số 112 Thanh Niên P. Cẩm Thành|||TP. Cẩm Phả Quảng Ninh|||Ngày bán: 13/08/2020 06:45|||TỔNG TIỀN PHẢI T.TOÁN|||36.000
mcocr_private_145120ixnws.jpg,0.8879999557731224,"MINIMART ANAN|||Tổng cộng:|||344,000"
mcocr_private_145120sidqj.jpg,0.6145240359820522,"Store :LAKE VIEW|||Address 22 Thanh Nien, Yen Phu Ha Noi Thị|||(DC AMT)|||2020?08?15 12:34:53|||TỔNG:|||21908"
mcocr_private_145120udjsy.jpg,0.5160501219520188,"VinCommerce|||VI44 QNH TỔ 7, KHU MINH TIẾN A|||Tổ 7, Khu Minh Tiến A|||P. Cẩm Bình, TP. Cẩm Phả QNH|||Ngày bán: 10/08/2020 12:32|||TỔNG TIỀN PHẢI T.TOÁN|||97.926"
mcocr_private_145120hsylc.jpg,0.6577265240295409,VinCommerce|||Ngày bán: 13/08/2020 11:28|||TỔNG TIỀN PHẢI T.TOÁN|||113.400
mcocr_private_145121brrqt.jpg,0.6338704379878514,"MINIMART ANAN|||Ngày: 10/08/2020-17:09|||Tổng cộng:|||74,000"
mcocr_private_145121tddlr.jpg,0.6054914217931633,"NHÀ SÁCH GC-TD CẨM PHẢ|||ĐC 212 Đường Trần Phú-Cẩm Phả|||Thời gian: 08:47:35 - 11/08/2020|||Tổng số thanh toán:|||90,000"
mcocr_private_145120ahyvq.jpg,0.9714548571675272,"SIEU THI BACH HOA TONG HOP|||Tổng cộng (đã gồm VAT)|||52,000"
mcocr_private_145121ohvev.jpg,0.9381838132363345,"VinCommerce|||Số 1080-1082 Đường Trần Phú|||TP. Cẩm Phà, Quảng Ninh|||Ngày bán: 15/08/2020 06:11|||TỔNG TIỀN PHẢI T.TOÁN|||24.450"
mcocr_private_145121okklv.jpg,0.6573389403992389,VinCommerce|||VI4 ANH 1051-1082 Trần Phú Tháng|||Số 1080-1002 Đương Trần Phú|||TP. Cẩm Phả Quảng Ninh|||Ngày bán: 14/08/2020 06:47|||TỔNG TIỀN PHẢI T.TOÁN|||19.900
mcocr_private_145120opnsn.jpg,0.82771933264744,"VinCommerce|||Tổ 7, Khu Minh Tiến A|||P. Cẩm Bình, TP. Cẩm Phả QNH|||Ngày bán: 14/08/2020 18:45|||TỔNG TIỀN PHẢI T.TOÁN|||44.900"
mcocr_private_145121pgxpu.jpg,0.6978159505303321,THỨC COFFEE|||31:03:2019|||Tiền Thanh Toán:|||35 000
mcocr_private_145121pmtie.jpg,0.9572737948702718,"THE COFFEE HOUSE|||403 Phan Huy Ich, P.14, Q.Gò Vấp|||Khách hàng: Phan|||Thời gian: 30:09:2020 08:25|||Thành tiền:|||67000"
mcocr_private_145120aedhd.jpg,0.7294259262936994,"Vietcombank|||TỔNG:|||VND63, 200"
mcocr_private_145120jekcw.jpg,0.6324400832490262,"CỬA HÀNG NĂM OÁNH|||Ngày: 12-08-2020|||Cộng tiền hàng|||182,000"
mcocr_private_145120znpmt.jpg,0.6233137538469917,NHÀ SÁCH GC-TD CẨM PHẢ|||ĐC 212 Đường Trần Phú-Cẩm Phả|||Thời gian: 08:48:18 - 15/08/2020|||Tổng số thanh toán:|||11.000đ
mcocr_private_145120eiyjs.jpg,0.7806840670815753,"MINIMART ANAN|||Ngày: 13/08/2020 -15:30|||Tổng tiền:|||140,550"
mcocr_private_145121rtjyu.jpg,0.6313708042614676,"DOANH: 14/08/2020|||14/08/2020 22:18|||Tổng số thanh toán:|||25,161,872"
mcocr_private_145121izwpe.jpg,0.7922929951117703,"13/08/2020|||Tổng số thanh toán:|||16,899,087"
mcocr_private_145121ojvci.jpg,0.9489114418012385,NHÀ SÁCH GC-TD CẨM PHẢ|||ĐC 212 Đường Trần Phú-Cẩm Phả|||Thời gian: 09:58:24 - 15/08/2020|||Tổng số thanh toán:|||127.000đ
mcocr_private_145120dwtyw.jpg,0.6997002525701986,"NHÀ SÁCH GI-- CC MẤT CHM PHẢN|||00,212 Đường Trần Phú Cẩm Phả|||Tổng số thanh toán:|||90.000đ"
mcocr_private_145120imnbf.jpg,0.6096603795786417,CỬA HÀNG NĂM OÁNH|||Ngày: 12-08-2020|||Cộng tiền hàng|||79000
mcocr_private_145121ggbsz.jpg,0.9987688032475551,"VinCommerce|||Tổ 7, Khu Minh Tiến A|||P. Cẩm Bình, TP. Cẩm Phả QNH|||Ngày bán 12/08/2020 2010|||TỔNG TIỀN PHẢI T.TOÁN|||40.900"
mcocr_private_145120xqamb.jpg,0.7547631468382323,"MINIMART ANAN|||Ngày: 10/08/2020-18:26|||Tổng tiền:|||238,008"
mcocr_private_145120rykrc.jpg,0.545454706086897,VinCommerce|||Ngày bán:08/08/2020 21:02|||TỔNG TIỀN PHẢI T.TOÁN|||177.700
mcocr_private_145120pyvtt.jpg,0.5235581877123673,"TALALA|||21:32 15/08/2020|||TỔNG THANH TOÁN|||126,000"
mcocr_private_145120qoenw.jpg,0.5548245651753296,"VinCommerce|||Tổ 7, Khu Minh Tiến A|||P. Cẩm Bình, TP. Cẩm Phả QNH|||Ngày bán: 11/08/2020 09:08|||TỔNG TIỀN PHẢI T.TOÁN|||99.000"
mcocr_private_145120dwtci.jpg,0.813723020851545,"VinCommerce|||Số 690 Trần Phú P. Cẩm Thúy|||TP. Cẩm Phá, Quảng Ninh|||TỔNG TIỀN PHẢI T.TOÁN|||10.000"
mcocr_private_145121fszli.jpg,0.896039682181482,"MINIMART ANAN|||Ngày: 15/08/2020-18:41|||Tổng tiền:|||99,000"
mcocr_private_145120zneoy.jpg,0.711079983399842,"Tổng tiền:|||11,676,000"
mcocr_private_145121lfqob.jpg,0.5317638530759785,"VinCommerce|||Tổ 7, Khu Minh Tiến A|||P. Cẩm Bình, TP. Cẩm Phả Chợ|||Giao dịch treo|||Ngày: 13/08/2020|||Thời gian: 16:18"
mcocr_private_145120ywkur.jpg,0.6908096432532684,"BIDV|||13/08/2020|||20:29:45|||TỔNG:|||VND461,288"
mcocr_private_145121zpirw.jpg,0.9980606901200484,VinCommerce|||Số 1060-1062 Đường Trản Phú|||TP. Cẩm Phả Quảng Ninh|||Ngày bán: 14/08/2020 21:13|||TỔNG TIỀN PHẢI T.TOÁN|||55.100
mcocr_private_145120hncxt.jpg,0.7645571725495686,NHÀ SÁCH GC-TD CẨM PHẢ|||Đ0: 212 Đường Trấn Phú-Cẩm Phả|||Thời gian: 09:45:57 - 13/08/2020|||Tổng số thanh toán:|||93.000đ
mcocr_private_145120silda.jpg,0.985539188806809,"MINIMART ANAN|||Ngày: 09/08/2020-17:39|||Tổng cộng:|||265,000"
mcocr_private_145121jfljk.jpg,0.930389851117249,"VinCommerce|||TP. Của Phi, T. Quảng Nội|||TỔNG TIỀN PHẢI T.TOÁN|||14.000"
mcocr_private_145120yucon.jpg,0.5057405109714098,"VinCommerce|||Tổ 7, Khu Minh Tiến A|||P. Cẩm Bình, TP. Cẩm Phà, QNH|||Ngày bán:09/08/2020 18:24|||TỔNG TIỀN PHẢI T.TOÁN|||35.100"
mcocr_private_145120lrmyr.jpg,0.8603609096800973,"12/08/2020 18:33|||Tổng tiền:|||450,001"
mcocr_private_145121rjevp.jpg,0.8408551845132874,VinCommerce|||Ngày bán:13/08/2020 16:01|||TỔNG TIỀN PHẢI T.TOÁN|||246.032
mcocr_private_145121byien.jpg,0.7684851652043976,THỨC COFFEE|||17:03:2019|||Tiền Thanh Toán:|||45 000
mcocr_private_145121lvehe.jpg,0.6334125949762714,"VinCommerce|||Số 112 Thanh Niên P. Cẩm Thành|||TP. Cẩm Phá, Quảng Ninh|||TỔNG TIỀN PHẢI T.TOÁN|||61.000"
mcocr_private_145120elnjb.jpg,0.820480899289904,"Vietcombank|||ĐỊA CHỈ ĐAI LY Số|||CẨM PHỐ QUANG NINH|||20:05/2020|||20:19:66|||TỔNG:|||VND171,500"
mcocr_private_145120dvojm.jpg,0.5557760867979382,"MINIMART ANAN|||Ngày: 12/08/2020-13:14|||Tổng cộng:|||13,000"
mcocr_private_145121inqak.jpg,0.7173826253345525,VinCommerce|||Số 590 Trần Phú P. Cẩm Thủy|||TP. Cẩm Phả Quảng Ninh|||Ngày bán: 14/08/2020 09:04|||TỔNG TIỀN PHẢI T.TOÁN|||15.000
mcocr_private_145120pxmgi.jpg,0.7268618531646032,"VinCommerce|||Số 139 đường Chiến Thắng|||P Tân Triều, Hà Thanh Trì, Hà Nội|||Ngày bán: 13/08/2020 08:31|||TỔNG TIỀN PHẢI T.TOÁN|||192.800"
mcocr_private_145120nbtnw.jpg,0.97690796376054,"THE COFFEE HOUSE|||403 Phan Huy Ich, P.14, Q.Gò Vấp|||Thời gian: 01:10:2020 08:59|||Thanh Toán:|||58 000"
mcocr_private_145120pyezf.jpg,0.937926470189097,"K-MARKET VINCOM BÁC NINH|||2020-08-15 16: 19POS:0001?0089|||PAYMENT|||262,000"
mcocr_private_145121xefpx.jpg,0.6316945253755454,"MINIMART ANAN|||Ngày: 16/08/2020-17:19 1991|||Tổng cộng:|||89,500"
mcocr_private_145120nvize.jpg,0.7502930565251491,TIỆM TRÀ THANH XUÂN|||Ngày/giời n: 05:10:2020 18:34|||05:10:2020 18:33|||05:10:2020 18:34|||Tiền Thanh Goán:|||37 800
mcocr_private_145121hzene.jpg,0.5893259402650657,NHÀ SÁCH GC-TD CẨM PHẢ|||ĐC 212 Đường Trần Phú-Cẩm Phả|||Thời gian: 11:37:45 - 14/08/2020|||Tổng số thanh toán:|||220.000đ
mcocr_private_145120mdxbf.jpg,0.9563139196724102,VinCommerce|||Số 112 Thanh Niên P. Cẩm Thành|||TP. Cẩm Phả Quảng Ninh|||Ngày bán: 12/08/2020 11:40|||TỔNG TIỀN PHẢI T.TOÁN|||29.700
mcocr_private_145121gekvy.jpg,0.9352592849183834,HAN: 2024/12/31|||11/08/2020 17:13:03|||TỔNG:|||150.000 Đ
mcocr_private_145121wrkxs.jpg,0.6492223957243164,SCTC CÔ THỎ 104 TRẦN PHÚ - CẨM PHẢ|||104 Trần Phú|||phường Cẩm Tây Thành Phố Cẩm|||Phả - Quảng Ninh|||Tổng số thanh toán:|||125.000đ
mcocr_private_145121ayruq.jpg,0.8194747474330026,"CỬA HÀNG NĂM OÁNH|||Ngày: 11-08-2020|||Cộng tiền hàng|||14,000"
mcocr_private_145120xocav.jpg,0.8044851057190862,"BIDV|||ĐỊA CHỈ ĐẠI LÝ:|||SIEU THI TIP-CAM TAY|||CẨM PHA-QUANG NINH|||09/08/2020|||17:54:15|||TỔNG:|||VND463,200"
mcocr_private_145121axatl.jpg,0.5764196342748173,"BÁCH HÓA XANH|||Số 60-62-64 Đường Nguyễn Chu Đàm, Phường Nam|||Tân Sơn Nhì, Quận Tân Phú Thành Phố Chợ|||12/08/2020 20:12|||Tổng tiền:|||171,420"
mcocr_private_145120epens.jpg,0.8812554000375756,"VinCommerce|||Tỏ 7, Khu Minh Tiến A|||P. Cẩm Bình, TP. Cẩm Phả QNH|||Giao dịch treo|||Ngày:13/08/2020|||Thời gian:16:13"
mcocr_private_145121pzatx.jpg,0.7696895150598129,"MINIMART ANAN|||Ngày: 16/08/2020-17:12|||Tổng tiền:|||62,000"
mcocr_private_145120licwr.jpg,0.8893132393152792,"Số 1080-1082 Đường Trần Phố|||TP. Cẩm Phá, Quảng Ninh|||Ngày bán: 12/08/2020 21:49|||TỔNG TIỀN PHẢI T.TOÁN|||19,500"
mcocr_private_145120tjvke.jpg,0.7651768360975888,"VinCommerce|||Tầng 1, nhà CT9,KĐT Mỹ Đình|||Phú tri a, 0, Nam Từ Liêm, Hà|||Ngày bán:22/08/2020 18:20|||TỔNG TIỀN PHẢI T.TOÁN|||112.235"
mcocr_private_145121pmgai.jpg,0.5002859480639718,"VinCommerce|||Tổ 7, Khu Minh Tiến A|||P. Cẩm Bình, TP. Cẩm Phà, QNH|||Giao dịch treo|||Ngày: 13/08/2020|||Thời gian: 16:34"
mcocr_private_145121xgfdd.jpg,0.6620780285023365,"MINIMART ANAN|||Ngày: 16/08/2020-16:51|||Tổng cộng:|||86,000"
mcocr_private_145121bddlk.jpg,0.5097383711929162,"MINIMART ANAN|||Ngày: 00/ 08/2020-21:21|||Tổng cộng:|||84,000"
mcocr_private_145121wfclu.jpg,0.9645493081323085,"VinCommerce|||Tổ 7, Khu Minh Tiến A|||P. Cẩm Bình, TP. Cẩm Phả QNH|||Ngày bán:09/08/2020 11:13|||TỔNG TIỀN PHẢI T.TOÁN|||45.000"
mcocr_private_145121mpsix.jpg,0.9393609389115921,"Phúc Anh Minimart|||Ngày: 11-08-2020|||Khách phải trả|||88,000"
mcocr_private_145120euvko.jpg,0.9158327646805897,"CỬA HÀNG NĂM OÁNH|||Ngày: 12-08-2020|||Cộng tiền hàng|||445,000"
mcocr_private_145121tuldp.jpg,0.6537570627013307,"Saigon Co.op|||Ngay: 23/09/2019|||10:22:20|||Tong so tien thanh toan|||38,735,00"
mcocr_private_145121inkgz.jpg,0.5289625832470938,"MINIMART ANAN|||Ngày: 15/08/2020-19:15|||Tổng cộng:|||79,000"
mcocr_private_145121vwcbq.jpg,0.9390047996020203,"Saigon Co.op|||Corop Food Hà THE K-PARK|||Tang 1,5442 - Toa K3 Dong trinh chung cu|||ket hop dich vu tren o dat H-C12 thuoc|||Du an Dau tu xay dung Khu nha o Hà Brand|||tai Khu do thi Noi Van Phu|||P. Phú La, 1, Ha Dong Tp Ha Noi|||Ngay 20/07/2017|||10:25:34|||Tien mat|||27,291,20"
mcocr_private_145120gbcop.jpg,0.973474722648997,"Tổng tiền phải trả:|||133,000"
mcocr_private_145120xshwc.jpg,0.5428267260339394,"MINIMART ANAN|||Ngày: 15/08/2020-17:04|||Tổng tiền:|||28,000"
mcocr_private_145121suqcn.jpg,0.7429952316583068,"VinCommerce|||DA khu DCLB cọc 8, P. Cẩm Sơn|||TP. Cẩm Phà, T, Quảng Ninh|||Ngày bán: 14/08/2020 16:35|||TỔNG TIỀN PHẢI T.TOÁN|||6.400"
mcocr_private_145121odkou.jpg,0.5346062592341918,"Saigon Co.op|||Tang 1,5142 - Toa K3,Cong trinh chung cu|||ket hop dich vu tren o dat H-CT2 thuoc|||Du an Dau tu xay dung Khu nha o Hà Brand|||tai Khu do thi Noi Van Phu|||P. Phú La, 0, Ha Dong Tp Ha Noi|||Ngay: 23/09/2019|||10:41:59|||Tien mat|||200,000,00"
mcocr_private_145121fmuoc.jpg,0.8803010826286157,24/08/2020
mcocr_private_145120efpse.jpg,0.8829172146534938,"Vietcombank|||ĐỊA CHỈ ĐẠI LÝ:|||CAN PHỐ QUANG NINH|||30-04/2020|||10:20:49|||TỔNG:|||VND341,100"
mcocr_private_145120dxuqv.jpg,0.5641957322498814,"BIDV|||15/08/2020|||06:50:47|||TỔNG:|||VND7, 200"
mcocr_private_145121stjms.jpg,0.7376411890493657,VinCommerce|||Số 1050-1082 Đường Trần Phú|||TP. Cẩm Phả Quảng Ninh|||Ngày bán: 15/08/2020 09:46|||TỔNG TIỀN PHẢI T.TOÁN|||54.463
mcocr_private_145121qfwji.jpg,0.774901796747472,NHÀ SÁCH GC-TD CẨM PHẢ|||ĐC 212 Đường Trấn Phú-Cẩm Phả|||Thời gian: 10:23:00 - 15/08/2020|||Tổng số thanh toán:|||7.000đ
mcocr_private_145120rtovn.jpg,0.6325283144700296,Tiêm và|||05:10:2020 10:16|||05:10:2020 10:15|||Tiền Thanh Toán:|||117000
mcocr_private_145120ipola.jpg,0.9362165205426287,"PHỐ MỎ|||Tổ 7 khu Tân Lập 4. P. Cẩm Thủy|||Tp. Cẩm Phả - Quảng Ninh|||13/08/2020 - 20:36|||Tổng cộng:|||30,000"
mcocr_private_145120opctc.jpg,0.7115689701004435,"MINIMART ANAN|||Ngày: 12/08/2020-16:15|||Tổng tiền:|||247,000"
mcocr_private_145120typdw.jpg,0.605899102721041,"MINIMART ANAN|||Tổng tiền:|||386,002"
mcocr_private_145121odzre.jpg,0.7696480443897291,"SCTC CÔ THỎ 104 TRẦN PHÚ - CẨM PHẢ|||104 Trần Phú - phường Cẩm Tây - Thành Phố Cẩm|||Phả - Quảng Ninh|||Ngày: 10/08/2020 (09:17 CH - 09:17|||Tổng số thanh toán:|||25,0000"
mcocr_private_145121ucwhf.jpg,0.864965534544988,VinCommerce|||Số 42 Phố Sủi xã Phú Thị|||huyện Gia Lâm Hà Nội|||Ngày bán: 15/08/2020 07:55|||TỔNG TIỀN PHẢI T.TOÁN|||148.000
mcocr_private_145120btfhn.jpg,0.600575531694848,MILANO COFFEE|||02:10:2020 15:37|||Tiền Thanh Toán:|||15 000
mcocr_private_145121rhddh.jpg,0.6558581456504475,"VinCommerce|||VI + QNH Dự án KDC lần biển cọc 6|||DA KHU DCLB CỌC 8, P. CẨM SƠN|||TP. Cẩm Phả T. Quảng Ninh|||Ngày bán: 12/08/2020 18:10|||TỔNG TIỀN PHẢI T.TOÁN|||12.000"
mcocr_private_145121reeuz.jpg,0.9975746783304473,"CO.OPSMILE - AI KHU BAI HOC GIA|||Phuong Dong Hoa, Thị Ha Di An, Tinh Binh Dong|||Ngay: 07/09/2020|||Gio: 08:30:51|||TONG CONG|||17,000"
mcocr_private_145120urmma.jpg,0.8249390288197267,"VinCommerce|||Số 42 Phố Súi, xã Phú Thị|||huyện Gia Làm, Hà Nội|||Ngày bán: 14/08/2020 17:26|||TỔNG TIỀN PHẢI T.TOÁN|||193.920"
mcocr_private_145120xqhxt.jpg,0.7190500419572521,VinCommerce|||Số 1060-1062 Đường Trần Phú|||TP. Cẩm Phả Quảng Ninh|||Ngày bán: 15/08/2020 09:59|||TỔNG TIỀN PHẢI T.TOÁN|||42.300
mcocr_private_145121zbmnw.jpg,0.7587879205177953,"Vietcombank|||ĐỊA CHỈ ĐAI LÝ::|||CẨM PHỐ QUANG NINH|||30:04/2020|||10:23:55|||TỔNG:|||VND62,000"
mcocr_private_145121vmfkr.jpg,0.5605020979341329,VinCommerce|||Số 42 Phố Sủi xã Phú Thị|||huyện Gia Lâm Hà Nội|||Ngày bán: 15/08/2020 07:55|||TỔNG TIỀN PHẢI T.TOÁN|||148.000
mcocr_private_145120yzfoc.jpg,0.6123486685157786,"Saigon Co.op|||Tang 1,5H42 - Toa K3,Cong trinh chung cu|||ket bon dich vu tren o dat H-CT2 thuoc|||Du an Dau tu xay dung Khu nha o Hà Brand|||tai Khu do thi Noi Van Phu|||P. Phú La, Qu Ha Dong Tp.Ha Noi|||Ngay: 20/09/2019|||13:14:26|||Tong so tien thanh toan|||15,400,00"
mcocr_private_145120caqdr.jpg,0.6690427810737276,"VinCommerce|||VIM4 QNH Dự án KDC lấn biển cọc 6|||DA khu DCLB cọc 8, P. Cẩm Sơn|||TP. Cẩm Phả T, Quảng Ninh|||Ngày bán: 14/08/2020 20:45|||TỔNG TIỀN PHẢI T.TOÁN|||103.872"
mcocr_private_145121wwpst.jpg,0.7941543592286167,"DOANH: 13/08/2020|||THÔNG: 13/06/2020 22:04|||Tổng số thanh toán:|||17,094,714"
mcocr_private_145121gntrz.jpg,0.6150573662982886,"VinCommerce|||VỊ 44 QNH 1090-1082 Trần Phú|||Số 1060-1062 Đường Trần Phú|||TP. Cẩm Phà, Quảng Ninh|||Ngày bán: 12/08/2020 20:15|||TỔNG TIỀN PHẢI T.TOÁN|||46.000"
mcocr_private_145120bxrwi.jpg,0.6101086922257797,"KFC BIG C VINH|||15 Aug 20 18:56:20|||15 Aug 20 18:56:01|||Payment|||500,000"
mcocr_private_145121pjnag.jpg,0.5354965430045162,"VinCommerce|||DA QĐ dọc tuyến ĐC Tổ 3 Phú 2|||P. Cẩm Sơn TP. Cẩm Phà, T. AN|||Ngày bán: 14/08/2020 18:56|||TỔNG TIỀN PHẢI T.TOÁN|||98.085"
mcocr_private_145120bgndj.jpg,0.8155514786350495,Vietcombank|||01/03/2020
mcocr_private_145120wnsla.jpg,0.6144708919055772,"SCTC CÔ THỎ 10|||104 Trần Phú phường tan là,|||Thành Phố Cẩm|||Phả - Quảng Ninh|||Ngày: 08/08/2020 (01:24|||Tổng số thanh toán:|||30.000đ"
mcocr_private_145121qywbp.jpg,0.952710006503064,"VinCommerce|||Tổ 7, Khu Minh Tiến A|||P. Cẩm Bình, TP. Cẩm Phả QNH|||Giao dịch treo|||Ngày: 15/08/2020|||Thời gian:09:53"
mcocr_private_145120qrboq.jpg,0.9298177001268733,"Co.ophart ha noi|||Ngay: 20/07/2020|||21:02:52|||Tong so tien thanh toan|||156,200,00"
mcocr_private_145121tuswl.jpg,0.5354286749443267,"VinCommerce|||Tổ 7, Khu Minh Tiến A|||P. Cẩm Bình, TP. Cẩm Phả QNH|||Ngày bán: 14/08/2020 16:43|||TỔNG TIỀN PHẢI T.TOÁN|||52.421"
mcocr_private_145121zqvoc.jpg,0.6190023171844976,"MINIMART ANAN|||Ngày: 10/08/2020-16:08|||Tổng cộng:|||32,000"
mcocr_private_145121aephc.jpg,0.8344888891481403,"Saigon Co.op|||Tang 1,5H42 + Toa K3,Cong trinh chung cu|||ket hop dich vu tren o dat H-CT2 thuoc|||Du an Dau tu xay dung Khu nha o Hà Brand|||tai Khu do thi Noi Van Phu|||P. Phú La, P. Ha Dong Tp Ha Noi|||Ngay: 23/09/2019|||10:30:13|||Tong so tien thanh toan|||13,832,00"
mcocr_private_145120xjofx.jpg,0.6071184036852193,"Saigon Co.op|||Tang 1,5H42 - Toa K3, Dong trinh chung cu|||ket hap dich vu tren o dat H-CT2 thuoc|||Du an Dau tu xay dung Khu nha o Hà Brand|||tai Khu do thi Noi Van Phu|||P. Phú La, O. Ha Dong Tp.Ha Noi|||Ngay: 19/09/2019|||17:58:19|||Tong so tien thanh toan|||6,400,00"
mcocr_private_145120huazo.jpg,0.5661559243625125,NHÀ SÁCH GC-TD CẨM PHẢ|||ĐC 212 Đường Trấn Phú-Cẩm Phả|||15/08/2020|||Tổng số thanh toán:|||97.000đ
mcocr_private_145120dmcly.jpg,0.9677571202903354,"NHÀ SÁCH GC-TD CẨM PHẢ|||ĐC 112 Đường Trấn Phú Cẩm Phả|||gian:08:30: 11 - 15/08 /2020|||Tổng số thanh toán:|||6,000"
mcocr_private_145120nsnxf.jpg,0.7855215466626422,"VinCommerce|||Số 7, Khu Minh Tiến A|||P. Cẩm Bình, TP. Cẩm Phà, QNH|||Ngày bán: 15/08/2020 07:10|||TỔNG TIỀN PHẢI T.TOÁN|||101.500"
mcocr_private_145120kktef.jpg,0.7363355131558971,"Saigon Co.op|||Tang 1,5H42 - Toa K3,Cong trinh chung cu|||ket hap dich vu tren o dat h-ct2 thuoc|||Du an Dau tu xay dung Khu nha o Hà Brand|||tai Khu do thi Noi Van Phu|||P. Phú La, T. Ha Dong Tp Ha Noi|||Ngay: 20/09/2019|||12:18:21|||Tong so tien thanh toan|||27,213,00"
mcocr_private_145120xxxey.jpg,0.8923097121453767,NHÀ SÁCH GC-TD CẨM PHẢ|||ĐC 2:2 Đường Trần Phú-Cẩm Phả|||16:11:45 - 31/07/2020|||Tổng số thanh toán:|||20.000đ
mcocr_private_145120xlqul.jpg,0.9037484988833218,Vietcombank|||22:03:05
mcocr_private_145120nyytp.jpg,0.5952049571809388,"VinCommerce|||Tổ 7, Khu Minh Tiến A|||P. Cẩm Bình, TP. Cẩm Phả QNH|||Ngày bán: 13/08/2020 17:53|||TỔNG TIỀN PHẢI T.TOÁN|||13.000"
mcocr_private_145121xnpxe.jpg,0.5484654071144117,Vietcombank
mcocr_private_145121ofugc.jpg,0.7155255912031888,"MINIMART ANAN|||Ngày: 17/08/2020-10:53|||Tổng cộng:|||98,000"
mcocr_private_145121ggvml.jpg,0.7117893115099604,"MINIMART ANAN|||Tổng cộng:|||103,000"
mcocr_private_145120bgxue.jpg,0.7335123340183375,"VinCommerce|||Số 463, Tổ 66, Khu Diêm Thúy|||P. Cẩm Đông, TP. Cẩm Phả|||Ngày bán: 15/08/2020 06:07|||TỔNG TIỀN PHẢI T.TOÁN|||8.800"
mcocr_private_145121leefz.jpg,0.8645379247299253,"MINIMART ANAN|||Ngày: 12/08/2020-11:33|||Tổng cộng:|||141,000"
mcocr_private_145120dzqzm.jpg,0.8366822736466508,"MINIMART ANAN|||Ngày: 09/08/2020-19:46|||Tổng cộng:|||64,000"
mcocr_private_145120qopqu.jpg,0.992082605682983,"Saigon Co.op|||Tang 1,5H42 - Toa K3,Cong trinh chung cu|||ket hop dich vu tren o dat H-CT2 thuoc|||Du an Dau tu xay dung Khu nha o Hà Brand|||tai Khu do thi Noi Van Phu|||P. Phú La, Q. Ha Dong Tp.Ha Noi|||Ngay 17/09/2019|||11:40:34|||Tong so tien thanh toan|||30,912,00"
mcocr_private_145120xjrbo.jpg,0.5492089355759795,VinCommerce|||Số 112 Thanh Niên P. Cẩm Thành|||TP. Cẩm Phả Quảng Ninh|||Ngày bán: 12/08/2020 16:04|||TỔNG TIỀN PHẢI T.TOÁN|||75.000
mcocr_private_145120lqifx.jpg,0.7013106410511344,"VinCommerce|||VIM4 QNH 1060-1062 Trần Phú|||Số 1060-1062 Đường Trần Phú|||TP. Cẩm Phà, Quảng Ninh|||Giao dịch treo|||Ngày: 13/08/2020|||Thời gian:20:58"
mcocr_private_145120gpyay.jpg,0.6696513026974815,VinCommerce|||VIM4 QNH 590 Trần Phú|||Số 690 Trần Phú P. Cẩm Thúy|||TP. Cẩm Phả Quảng Ninh|||Ngày bán: 15/08/2020 10:05
mcocr_private_145120tdhhr.jpg,0.9308362681763955,"PHỐ MỎ|||Tổ 7 khu Tân Lập 4. P.Cẩm Thủy -|||Tp. Cẩm Phả - Quảng Ninh|||13/08/2020 - 22: 14|||Tổng cộng:|||12,000"
mcocr_private_145120yvjhy.jpg,0.6243281669601428,Vietcombank|||11:29:41
mcocr_private_145120moljt.jpg,0.5951044542204058,"Saigon Co.op|||Tang 1,5H42 + Toa K3,Cong trinh chung cu|||ket hop dich vu tren o dat H-CT2 thuoc|||Du an Dau tu xay dung Khu nha o Hà Brand|||tai Khu do thi Noi Van Phu|||P. Phú Lay T. Ha Dong Tp.Ha Noi|||Ngay: 19/09/2019|||18:37:23|||Tong so tien thanh toan|||169,190,00"
mcocr_private_145121vztxn.jpg,0.724306773916566,HAN: 2021/12/31|||11/08/2020 20:35:27|||TỔNG:|||100.000 Đ
mcocr_private_145120cgsjj.jpg,0.710940819917202,"Phúc Anh Minimart|||Cọng tền nàng|||28,000"
mcocr_private_145120qsskw.jpg,0.6392725723334702,"Guitar Cafe|||Ngày lập: 03/10/2020|||Thành tiền:||| 20,000"
mcocr_private_145121rcvva.jpg,0.6249032239410502,"MINIMART ANAN|||Ngày: 12/08/2020-14:16|||Tổng cộng:|||263,000"
mcocr_private_145120xybgv.jpg,0.9616327996380064,08/2020|||18:1 - 4/8/2020|||08/2020?49120
mcocr_private_145120apnkj.jpg,0.7215653725267285,"MINIMART ANAN|||Ngày: 11/08/2020-10:26|||Tổng tiền:|||56,000"
mcocr_private_145120ipczv.jpg,0.9306745523809152,"CỬA HÀNG NĂM OÁNH|||Ngày: 12-08-2020|||Cộng tiền hàng|||51,000"
mcocr_private_145120cjdfp.jpg,0.7751626562249241,"VinCommerce|||Tổ 7, Khu Minh Tiến A|||P. Cẩm Bình, TP. Cẩm Phả QNH|||Ngày bán: 15/08/2020 09:17|||TỔNG TIỀN PHẢI T.TOÁN|||48.900"
mcocr_private_145120jwxbj.jpg,0.5252941647624406,"THE COFFEE HOUSE|||403 Phan Huy Ích, P.14, Q.Gò Vấp|||Thời gian: 30:09:2020 08:08|||Thanh Toán:|||40 000"
mcocr_private_145120bsynb.jpg,0.9996412342063633,"VinCommerce|||76 7, Khu Minh Tiến A|||P. Cẩm Binh, TP. Cẩm Phà, QNH|||Ngày bán: 13/08/2020 12:32|||TỔNG TIỀN PHẢI T.TOÁN|||23.500"
mcocr_private_145120gxzhn.jpg,0.918013792539976,"Saigon Co.op|||Q. Bác Tu Liem, Tp. Ha Noi|||Ngay: 10/07/2020|||14:15:29|||Tong so tien thanh toan|||57,700,00"
mcocr_private_145121lhsvo.jpg,0.9844981286423756,"Saigon Co.op|||Tang 1,5142 - Toa K3,Cong trinh chung cu|||ket hop dich vu tren o dat H-C12 thuoc|||Du an Dau tu xay dung Khu nha o Hà Brand|||tai Khu do thi Noi Van Phu|||P. Phú La, T, Ha Dong Tp Ha Noi|||Ngay: 19/09/2019|||18:00:35|||Tien mat|||29,300,00"
mcocr_private_145120gsoxn.jpg,0.9631834915040638,VinCommerce|||Số 1080-1082 Đường Trần Phú|||TP. Cẩm Phả Quảng Ninh|||Ngày bán: 15/08/2020 11:16|||TỔNG TIỀN PHẢI T.TOÁN|||150.600
mcocr_private_145120gcfei.jpg,0.9243478672071528,VinCommerce|||TỔNG TIỀN PHẢI T.TOÁN|||146.400
mcocr_private_145121vprze.jpg,0.583155555301957,"MINIMART ANAN|||Ngày: 11/08/2020-16:58|||Tổng tiền:|||112,000"
mcocr_private_145121phqfz.jpg,0.7428205627253592,"Tổng số thanh toán:|||6,378,441"
mcocr_private_145121jrylx.jpg,0.6068736495995908,"PHỐ MỎ|||Tổ 7 khu Tân Lập + - P. Cẩm Thủy -|||Tp. Cẩm Phả - Quảng Ninh|||11/08/2020-22:33|||Tổng cộng:|||25,000"
mcocr_private_145121armrj.jpg,0.7005201462747264,"MINIMART ANAN|||Ngày: 12/08/2020-08:07|||Tổng cộng:|||108,000"
mcocr_private_145120rtacs.jpg,0.5293176999860895,"Saigon Co.op|||Tang 1,5H42 - Toa K3,Cong trinh chung cu|||ket hop dich vu tren o dat H-CT2 thuoc|||Du an Dau tu xay dung Khu nha o Hà Brand|||tai Khu do thi Noi Van Phu|||P. Phú La, Q. Ha Dong Tp Ha Noi|||Ngay: 19/09/2019|||18:16:44|||Tong so tien thanh toan|||59,190,00"
mcocr_private_145120ihcbk.jpg,0.689486559488458,"VinCommerce|||Tổ 7, Khu Minh Tiến A|||P. Cẩm Bình, TP. Cẩm Phà, QNH|||Thời gian: 77:11|||Giao dịch treo|||Ngày: 14/08/2020"
mcocr_private_145120ycjmc.jpg,0.992654421889863,"VinCommerce|||Tổ 7, Khu Minh Tiến A|||P. Cẩm Bình, TP. Cẩm Phả QNH|||Ngày bán:09/08/2020 18:11"
mcocr_private_145120ipajj.jpg,0.632601529086076,VinCommerce|||Số 112 Thanh Niên P. Cẩm Thành|||TP. Cẩm Phả Quảng Ninh|||Ngày bán: 11/08/2020 22:03|||TỔNG TIỀN PHẢI T.TOÁN|||21.400
mcocr_private_145121fpqeu.jpg,0.8920353009742847,"VinCommerce|||DA khu DCLB cọc 8, P. Cẩm Sơn|||TP. Cẩm Phá, T, Quảng Ninh|||Ngày: 15/08/2020|||Thời gian: 10:28"
mcocr_private_145120bokpe.jpg,0.7275041836695717,"Co.opMart Xa LO HA NOI|||191 Quảng Trung 0.9|||Emai1: xthnmarket ingocoopmart.vn|||Dien thoai giao hang: (028)37307235|||Ngay: 21/07/2020|||07/2020 18:20:52|||Tong so tien thanh toan|||32,217,20"
mcocr_private_145120twstz.jpg,0.7115037429950815,"07:09 CODE|||500:11 CODE|||08:34 CODE|||08:59 CODE|||Ngày: 09,08/2020|||002:11 VIETTEL20|||17:00:00|||:99-08/2020 12:19:59|||Thành tiền:|||,,330,000 D"
mcocr_private_145120fuksi.jpg,0.9786588204298365,"Saigon Co.op|||Tang 1,5142 - Toa K3, Dong trinh chung cu|||ket hop dich vu tren o dat ho cua thuoc|||Du an Dau tu xay dung Khu nha o Ha Brand|||tai Khu do thi Noi Van Phu|||P. Phú La, 2. Ha Dong Tp Ha Noi|||Ngay: 23/09/2019|||10:41:59|||Tong so tien thanh toan|||67,462,00"
mcocr_private_145120nhkcx.jpg,0.9977113447463569,"MINIMART ANAN|||Ngày: 10/08/2020-16:07|||Tổng cộng:|||119,000"
mcocr_private_145120hmavz.jpg,0.7778841617028092,"Saigon Co.op|||Tang 1,5H42 - Toa K3,Cong trinh chung cu|||ket hop dich vu tren o dat H-CT2 thuoc|||Du an Dau tu xay dung Khu nha o Hà Brand|||tai Khu do thi Noi Van Phu|||P. Phú La, 2. Ha Dong Tp Ha Noi|||Ngay: 17/09/2019|||11:40:34|||Tong so tien thanh toan|||30,912,00"
mcocr_private_145120rpsfw.jpg,0.859204137648163,"SCTC CÔ THỎ 104 TRẦN PHÚ - CẨM PHẢ|||104 Trần Phú|||Phú - phường Cẩm Tây - Thành Phố Cẩm|||Phả - Quảng Ninh|||Ngày: 10/03/2020 (0944 CH - 09:48|||Tổng số thanh toán:|||45,0000"
mcocr_private_145120rumkt.jpg,0.5773984126370321,"VinCommerce|||Tổ 7, Khu Minh Tiến A|||1 A Cẩm Bình, TP. Cẩm Phá, QNH|||TỔNG TIỀN PHẢI T.TOÁN|||47.900"
mcocr_private_145121rsloz.jpg,0.6483539127472822,"CỬA HÀNG NĂM OÁNH|||Ngày: 11-08-2020|||Cộng tiền hàng|||57,000"
mcocr_private_145120pfzbm.jpg,0.9843546824845795,"VinCommerce|||DA QĐ dọc tuyến ĐC Tổ 3 Khu 2|||P. Cẩm Sơn TP. Cẩm Phá, T. NN|||Ngày bán: 15/08/2020 11:44|||TỔNG TIỀN PHẢI T.TOÁN|||113.896"
mcocr_private_145120smgnp.jpg,0.7895901454081281,"MINIMART ANAN|||Tổng tiền:|||123,000"
mcocr_private_145120ttjrp.jpg,0.7710976006871371,"MINIMART ANAN|||Ngày: 17/08/2020-14:42|||Tổng tiền:|||273,000"
mcocr_private_145121nwwip.jpg,0.873987780189532,"VinCommerce|||Tổ 7, Khu Minh Tiến A|||P. Cẩm Bình, TP. Cẩm Phả QNH|||Ngày bán: 13/08/2020 14:40|||TỔNG TIỀN PHẢI T.TOÁN|||70.419"
mcocr_private_145121evclb.jpg,0.5285826364537416,SCTC CÔ THỎ 104 TRẦN PHÚ - CẨM PHẢ|||104 Trên Phú Phường Cẩm Tây - Thành Phố Cẩm|||Phả - Quảng Ninh|||Ngày: 08/08/:46 ch - 09:40|||Tổng số thanh toán:|||100.000đ
mcocr_private_145120sqevm.jpg,0.7920887972294857,VinCommerce|||Ngày bán: 11/08/2020 17156|||TỔNG TIỀN PHẢI T.TOÁN|||30.000
mcocr_private_145121rvoxa.jpg,0.7514251914597567,"Saigon Co.op|||Tang 1,5H42 - Toa K3,Cong trinh chung cu|||ket hop dich vu tren o dat H-C12 thuoc|||Du an Dau tu xay dung Khu nha o Hà Brand|||tai Khu do thi Noi Van Phu|||P. Phú La, Q. Ha Dong Tp Ha Noi|||Ngay: 19/09/2019|||18:14:44|||Tong so tien thanh toan|||25,200,00"
mcocr_private_145120azonx.jpg,0.9263599460241427,"VinCommerce|||Tổ 7, Khu Minh Tiến A|||P. Cẩm Bình, TP. Cẩm Phà, QNH|||Ngày bán: 14/08/2020 15:48|||TỔNG TIỀN PHẢI T.TOÁN|||104.800"
mcocr_private_145121jnyda.jpg,0.5787163639697417,"VinCommerce|||Tổ 7, Khu Minh Tiến A|||P. Cẩm Bình, TP. Cẩm Phá, QNH|||Ngày bán: 13/08/2020 16:33|||TỔNG TIỀN PHẢI T.TOÁN|||33.800"
mcocr_private_145121ytyju.jpg,0.9803894516372251,"VinCommerce|||DA KHU DCLB CỌC 8, P. CẨM SƠN|||TP. Cẩm Phà, T. Quảng Ninh|||Ngày bán: 12/08/2020 18:15|||TỔNG TIỀN PHẢI T.TOÁN|||27.992"
mcocr_private_145120czmqe.jpg,0.5400557326202935,VinCommerce|||Số 8ô Đường Trần Phú P. Cẩm Tây|||TF Cẩm Phả T. Quảng Ninh.|||Ngày bán: 11/08/2020 10:19|||TỔNG TIỀN PHẢI T.TOÁN|||142.826
mcocr_private_145120ezfnf.jpg,0.5929124804903616,"BIBO MART|||E21:24 CODE|||520:53 CODE|||15:44 CODE|||11:36 CUDE|||Ngày 10:08/2020|||10/08/2020 22:11:56|||17:00:00|||THÀNH CÚNG|||654,985 D"
mcocr_private_145120vxrkb.jpg,0.7975175532250138,"VinCommerce|||Niên Niên Tổ 7, Khu Minh Tiến A|||Tổ 7, Khu Minh Tiến A|||P. Cẩm Bình, TP. Cẩm Phả QNH|||Ngày bán:09/08/2020 18:39|||TỔNG TIỀN PHẢI T.TOÁN|||66.300"
mcocr_private_145120uspmc.jpg,0.8376062768020451,"MINIMART ANAN|||Ngày: 13/08/2020-10:26|||Tổng cộng:|||25,000"
mcocr_private_145120dwgtk.jpg,0.6176019475004656,VinCommerce|||Số 112 Thanh Niên P. Cẩm Thành|||TP. Lâm Phả Quảng Ninh|||Ngày bán: 10/08/2020 10:10|||TỔNG TIỀN PHẢI T.TOÁN|||174.850
mcocr_private_145120cksbv.jpg,0.5599433069735621,NHÀ SÁCH GC-TD CẨM PHẢ|||ĐC 212 Đường Trần Phú-Cẩm Phả|||Thời gian: 07:44:54 - 11/08/2020|||Tổng số thanh toán:|||40.000đ
mcocr_private_145120qbknh.jpg,0.9451436570647187,"VinCommerce|||Tổ 7, Khu Mình Thôn A|||P. Cẩm Bình, TP. Cẩm Phá, ANH|||TỔNG TIỀN PHẢI T.TOÁN|||10.000"
mcocr_private_145121nuxjo.jpg,0.6231076738943124,NHÀ SÁCH GC-TD CẨM PHẢ|||ĐC 212 Đường Trần Phú-Cẩm Phả|||Thời gian: 20:08:56 - 14/08/2020|||Tổng số thanh toán:|||25.000đ
mcocr_private_145121rjbqf.jpg,0.7972595767667205,"VinCommerce|||Tổ 7, Khu Minh Tiến A|||P. Cẩm Bình, TP. Cẩm Phả QNH|||Thời gian: 88:16|||Giao dịch treo"
mcocr_private_145121uahht.jpg,0.8096907551660515,VinCommerce|||Số 1080-1082 Đường Trần Phú|||TP. Cẩm Phả Quảng Ninh|||Ngày bán: 14/08/2020 17:38|||TỔNG TIỀN PHẢI T.TOÁN|||40.000
mcocr_private_145121nwwgt.jpg,0.7096124576679362,"VinCommerce|||Tó 7, Khu Minh Tiến A|||P. Cẩm Binh, TP. Cẩm Phá, ANH|||Ngày bán: 13/08/2020 19:55|||TỔNG TIỀN PHẢI T.TOÁN|||120.327"
mcocr_private_145120pybmq.jpg,0.7918361446456124,Địn ail|||HAN: 2022/08/03|||HAN: 2022/08/03|||11:11/08/2020 18:21:05|||TỔNG:|||200.000 Đ
mcocr_private_145120hfwms.jpg,0.7613913577659794,"VinCommerce|||Tổ 7, Khu Minh Tiến A|||P. Cẩm Bình, TP. Cẩm Phà, QNH|||Ngày bán: 13/08/2020 18:22|||TỔNG TIỀN PHẢI T.TOÁN|||22.510"
mcocr_private_145121jjefo.jpg,0.9673531288682136,"BIG C DI AN|||""CHY TINH EB BINH DUONG (""""EBBD)""|||Phang Hoa, TX Di Thị Tinh Banh Dong|||Ticket:06/10/2019 13:34:06|||- TONG CONG|||44.057đ"
mcocr_private_145121olllu.jpg,0.6021295997117682,Ngay: 21/05/2020|||17:14:18
mcocr_private_145120fzkbv.jpg,0.8580959003947074,MINIMART ANAN
mcocr_private_145120casxx.jpg,0.619342976307923,PHỐ MỎ|||14/08/2020|||Giờ đóng: 12:50|||Giờ mở: 12:24
mcocr_private_145120xzodh.jpg,0.6978929233956273,"Saigon Co.op|||CO.OP FOOD Hà THẾ K?PARK|||Tang 1,5H42 - Toa K3, Dong trinh chung cu|||ket hop dich vu tren o dat h-c 2 thuoc|||Du an Dau tu xay dung Khu nha brand|||Ngay: 20/09/2019|||14:40:48|||Tong so tien thanh toan|||36,600,00"
mcocr_private_145120tlksx.jpg,0.8358451114799856,NHÀ SÁCH GC-TD CẨM PHẢ|||Đ0: 212 Đường Trần Phú-Cẩm Phả|||Thời gian:09:39:15-11/08/2020|||Tổng số thanh toán:|||87.500đ
mcocr_private_145121uppbx.jpg,0.6499985398993811,"SIEU THI BACH HOA TONG HOP|||Số 5 Cẩm Tây - Cẩm Phả - QN|||Ngày: 10/08/2020 -11:|||Tổng cộng (đã gồm VAT)|||144,000"
mcocr_private_145121yprkq.jpg,0.658088598135927,"Du an Dau tu xay dung Khu nha o Hà Brand|||tai Khu do thi Noi Van Phu|||Phú La, An Ha Dong To Nội|||Ngay: 19/09/2019|||18:19:11|||Tong so tien thanh toan|||54,000,00"
mcocr_private_145121lejvk.jpg,0.875932246207201,VinCommerce|||Số 590 Trần Phú P. Cẩm Thúy|||TP. Cẩm Phả Quảng Ninh|||Giao dịch treo|||Ngày: 14/08/2020|||Thời gian:08:30
mcocr_private_145120hnosf.jpg,0.5362715572465786,NHÀ THUỐC SỐ 01|||14/12/2019|||Giờ in: 15:04:51
mcocr_private_145120yirof.jpg,0.7291427613092931,VinCommerce|||Số 590 Trần Phú P. Cẩm Thủy|||TP. Cẩm Phả Quảng Ninh|||Giao dịch treo|||Ngày: 15/08/2020|||Thời gian:07:30
mcocr_private_145121lnerw.jpg,0.9992272204272212,"Wellness Sycle shop|||18:24 12/08/2020|||TỞNG THANH TOÁN|||696,950"
mcocr_private_145121nbiok.jpg,0.9980482239275472,"Tổng số thanh toán:|||15,622,036"
mcocr_private_145120rwtpw.jpg,0.5366303605498165,"CỬA HÀNG NĂM OÁNH|||Ngày: 12-08-2020|||Cộng tiền hàng|||42,000"
mcocr_private_145120yujdk.jpg,0.6065771561335203,"MINIMART ANAN|||Ngày: 16/08/2020:09:38|||Tổng tiền:|||222,000"
mcocr_private_145120nlxbq.jpg,0.6326002073752006,"VinCommerce|||DA QĐ dọc tuyến ĐC Tổ 3 Khu 2|||P. Cẩm Sơn TP. Cẩm Phà, T. QN|||Ngày bán: 15/08/2020 11:01|||TỔNG TIỀN PHẢI T.TOÁN|||12.000"
mcocr_private_145120vcrvo.jpg,0.9666296889968545,"SIEU THI BACH HOA TONG HOP|||Số 5 Cẩm Tây - Cẩm Phả - QN|||Ngày: 09/08/2020 -15:|||22:00|||Tổng cộng (đã gồm VAT)|||30,000"
mcocr_private_145121dvszj.jpg,0.9404320868432198,"CỬA HÀNG NĂM OÁNH|||Ngày: 11-08-2020|||Cộng tiền hàng|||43,500"
mcocr_private_145121spywb.jpg,0.9396351212422713,"VinCommerce|||Tổ 7, Khu Minh Tiền A|||P. Cẩm Bình, TP. Cẩm Phả Chinh|||Ngày bán: 10/08/2020 12:28|||TỔNG TIỀN PHẢI T.TOÁN|||20.000"
mcocr_private_145120drkwk.jpg,0.684763544369442,Địn chi|||HAN: 2022/07/29|||09/06/2020 10:11:18|||TỔNG:|||50.000 Đ
mcocr_private_145121qvqen.jpg,0.578873416178616,"CỬA HÀNG NĂM OÁNH|||Ngày: 11-08-2020|||Cộng tiền hàng|||131,500"
mcocr_private_145120dbokx.jpg,0.9168724773199035,"MINIMART ANAN|||Ngày: 10/08/2020-16:43|||Tổng tiền:|||54,000"
mcocr_private_145120jvfzz.jpg,0.8517699625436854,"MINIMART ANAN|||Ngày: 10/08/2020-18:17|||Tổng tiền:|||236,1000"
mcocr_private_145121sbmxe.jpg,0.805838882862975,"VinCommerce|||Số 86 Đường Trần Phú P. Cẩm Tây|||TP Cẩm Phá, T. Quảng Ninh|||Ngày bán: 10/08/2020 09:29|||TỔNG TIỀN PHẢI T.TOÁN|||323.495"
mcocr_private_145120kshcd.jpg,0.9936165318157522,"PHỐ MỎ|||Tổ 7 khu Tân Lập + - P.Cẩm Thủy|||Tp. Cẩm Phả - Quảng Ninh|||13/08/2020 - 20:62|||Tổng cộng:|||24,000"
mcocr_private_145120qdoha.jpg,0.8269881588553663,"MINIMART ANAN|||Tổng cộng:|||235,000"
mcocr_private_145120xtlae.jpg,0.503911553576079,NHÀ SÁCH GC-TD CẨM PHẢ|||ĐC 212 Đường Trần Phú-Cẩm Phả|||Thời gian: 08:05:47 - 14/08/2020|||Tổng số thanh toán:|||20.000đ
mcocr_private_145120kyged.jpg,0.9085520675577308,"THE COFFEE HOUSE|||403 Phan Huy Ích, P.14, Q.Gò Vấp|||Thời gian: 30:09:2020 08:10|||Thanh Toán:|||78 000"
mcocr_private_145120okqnl.jpg,0.6496893760999889,"MINIMART ANAN|||Tổng cộng:|||151,000"
mcocr_private_145120jtake.jpg,0.8316943574830387,"VinCommerce|||Tổ 7, Khu Minh Tiến A|||P. Cẩm Bình, TP. Cẩm Phà, QNH|||Giao dịch treo|||Ngày: 13/08/2020|||Thời gian:17:34"
mcocr_private_145121bnfhp.jpg,0.969465001963552,VinCommerce|||Số 1060-1062 Đường Trần Phú|||TP. Cẩm Phả Quảng Ninh|||Ngày bán: 13/08/2020 10:00|||TỔNG TIỀN PHẢI T.TOÁN|||66.800
mcocr_private_145121gbura.jpg,0.5671455571966839,Ngay: 21/05/2020|||19:52:14
mcocr_private_145120ormas.jpg,0.557714335209551,"10/08/2020 12:55:07|||17:00:00|||TẠI QUẦY|||50,000"
mcocr_private_145120cwwpk.jpg,0.5535179888547088,NHÀ SÁCH GC-TD CẨM PHẢ|||ĐC 212 Đường Trấn Phú-Cẩm Phả|||gian:18:33: 01 - 14/08 /2020|||Tổng số thanh toán:|||97.000đ
mcocr_private_145120fyhqk.jpg,0.776611820442408,NHÀ SÁCH GC-TD CẨM PHẢ|||Đ0: 212 Đường Trần Phú-Cẩm Phả|||Thời gian: 19:06:35 - 14/08/2020|||Tổng số thanh toán:|||158.000đ
mcocr_private_145121embny.jpg,0.6361741061574082,"VinCommerce|||Số 36 Đinh Thôn P. Mỹ Đinh 1|||Qu Tai Lâm Từ Liêm, Hà Nội|||Ngày bán: 14/08/2020 17:25|||TỔNG TIỀN PHẢI T.TOÁN|||178.722"
mcocr_private_145120sgeqw.jpg,0.802414913515112,"PHỐ MỎ|||Tổ 7 khu Tân Lập + P.Cẩm Thủy -|||Tp. Cẩm Phả - Quảng Ninh|||13/08/2020-22:07|||Tổng cộng:|||20,000"
mcocr_private_145120rvshv.jpg,0.858806093569399,"PHỐ MỎ|||Tổ 7 khu Tân Lập + - P.Cẩm Thủy|||Tp. Cẩm Phả - Quảng Ninh|||11/08/2020 - 16: 25|||Tổng cộng:|||160,000"
mcocr_private_145120ljmmd.jpg,0.6017986561637265,NHÀ SÁCH GC-TD CẨM PHẢ|||ĐC 212 Đường Trấn Phú-Cẩm Phả|||Thời gian: 21:34:59 - 14/08/2020|||Tổng số thanh toán:|||25.000đ
mcocr_private_145121zgxth.jpg,0.8171189794425399,VinCommerce|||Số 112 Thanh Niên P. Cẩm Thành|||TP. Cẩm Phả Quảng Ninh|||8/2020 12:46|||TIỀN KHÁCH TRẢ|||26.400
mcocr_private_145121szjzk.jpg,0.6319919508152048,"VinCommerce|||Tổ 7, Khu Minh Tiến A|||P. Cẩm Bình, TP. Cẩm Phá, QNH|||Ngày bán: 15/08/2020 10:14|||TỔNG TIỀN PHẢI T.TOÁN|||31.500"
mcocr_private_145121oiyws.jpg,0.7442659260746882,NHÀ SÁCH GC-TD CẨM PHẢ|||ĐC 212 Đường Trần Phú-Cẩm Phả|||gian:09:17: 21 - 11/08 /2020|||Tổng số thanh toán:|||49.000đ
mcocr_private_145121wqvca.jpg,0.9526682455396616,TỔNG:|||1500.000 Đ
mcocr_private_145120qlhnj.jpg,0.9230518566474277,Chef's BBQ 1|||34 Xuân Ha|||Ngày: 19/12/2019|||Ngày hẹn giao: 19/12/2019 - 12:25 CH|||Tổng số thanh toán:|||594.000đ
mcocr_private_145120avxlw.jpg,0.5461492338563667,"13/08/2020 05:47:13CH|||TỔNG:|||39,000"
mcocr_private_145121hlcvt.jpg,0.7117878862818632,"MINIMART ANAN|||Ngày: 11/08/2020 21|||Tổng tiền:|||701,040"
mcocr_private_145120nwttp.jpg,0.6383401119861258,"VinCommerce|||Tổ 7, Khu Minh Tiến A|||P. Cẩm Bình, TP. Cẩm Phả QNH|||Thời gian: 44:33|||Giao dịch-treo|||Ngày:09/08/2020"
mcocr_private_145120jhbvb.jpg,0.5017728445438911,"VinCommerce|||Tổ 7, Khu Minh Tiến A|||P. Cẩm Bình, TP. Cẩm Phả QNH|||Ngày bán: 14/08/2020 21:42|||TỔNG TIỀN PHẢI T.TOÁN|||210.000"
mcocr_private_145120tswei.jpg,0.8855596115098135,"VinCommerce|||Tỏ 7, Khu Minh Tiến A|||P. Cẩm Bình, TP. Cẩm Phà, QNH|||Ngày bán: 14/08/2020 21:58|||TỔNG TIỀN PHẢI T.TOÁN|||16.500"
mcocr_private_145120hfyit.jpg,0.8185566886506899,SCTC CÔ THỎ 104 TRẦN PHÚ - CẨM PHẢ|||104 Tran Phú T phường Cẩm Tây Thị|||Thành Phố Cẩm|||Phả|||Quảng Ninh|||Ngày: 09/08/2020 (07:26 CH - 07:26|||Tổng số thanh toán:|||60.000đ
mcocr_private_145121xturt.jpg,0.6309776312171741,THỨC COFFEE|||24:03:2019|||Tiền Thanh Toán:|||35 000
mcocr_private_145121ofqvx.jpg,0.8706154541739655,"MINIMART ANAN|||Ngày: 12/08/2020-13:00|||Tổng cộng:|||56,000"
mcocr_private_145120kmaos.jpg,0.7758402105631956,BIBO MART|||HAN: 2022/07/29|||08/08/2020 21:54:35
mcocr_private_145120bgmgl.jpg,0.7138434594903397,"VinCommerce|||Tổ 7, Khu Minh Tiến A|||P. Cẩm Bình, TP. Cẩm Phà, QNH|||Ngày bán: 14/08/2020:16:40|||TỔNG TIỀN PHẢI T.TOÁN|||4.500"
mcocr_private_145121bzwmq.jpg,0.5048348498041699,CỬA HÀNG NĂM OÁNH|||Ngày: 12-08-2020|||Cộng tiền hàng|||15000
mcocr_private_145120clklv.jpg,0.5376219300368835,"434 Nguyễn Văn Công, P.3, Q.Gò Vấp|||Tiết Kiệm Thời Gian, Tận Hưởng Cuộc Sông|||09:13 12|||24-03-2019"
mcocr_private_145120gmdua.jpg,0.9415531966500714,"MINIMART ANAN|||Ngày: 11/08/2020-08:33|||Tổng cộng:|||101,000"
mcocr_private_145121gdeww.jpg,0.9519642857799466,"Tổng tiền:|||5,079,000"
mcocr_private_145121cjtsq.jpg,0.7727951446027612,"MINIMART ANAN|||Ngày: 10/08/2020-16:33|||Tổng tiền:|||386,026"
mcocr_private_145120vogtr.jpg,0.9172975099430083,"MINIMART ANAN|||Tổng tiền:|||293,012"
mcocr_private_145121lomnx.jpg,0.7912547832448971,"Ngay 17/09/2019|||11:14:04|||Tong so tien thanh toan|||9,000,00"
mcocr_private_145120aorof.jpg,0.5740468927837413,"VinCommerce|||MỎ THONH TỔ 7, KHU MINH TIÊN A|||Tổ 7, Khu Minh Tiến A|||Cẩm Bình, TP. Cẩm Phả QNH|||Ngày bán: 15/08/2020 08:00|||TỔNG TIỀN PHẢI T.TOÁN|||29.000"
mcocr_private_145121emlvc.jpg,0.5637227596410694,"VinCommerce|||Tổ 7, Khu Minh Tiến A|||P. Cẩm Bình, TP. Cẩm Phá, QNH|||Ngày bán: 11/08/2020 11:27|||TỔNG TIỀN PHẢI T.TOÁN|||12.100"
mcocr_private_145120wfzeb.jpg,0.6541291749650668,"VinCommerce|||Số 1080-1082 Đường Trần Phú|||TP. Cẩm Phá, Quảng Ninh|||Ngày bán: 12/08/2020 17:26|||TỔNG TIỀN PHẢI T.TOÁN|||12.000"
mcocr_private_145121oyoxa.jpg,0.949490744371295,NHÀ SÁCH GC-TD CẨM PHẢ|||ĐC 212 Đường Trần Phú-Cẩm Phả|||Thời gian: 08:53:41 - 11/08/2020|||Tổng số thanh toán:|||36.000đ
mcocr_private_145120pbvrk.jpg,0.8980611524440208,2020 (21:30)
mcocr_private_145121ycazg.jpg,0.9303512910004514,"VinCommerce|||Tổ 7, Khu Minh Tiến A|||P. Cẩm Bình, TP. Cẩm Phà, QNH|||Giao dịch treo|||Ngày: 15/08/2020|||Thời gian:11:08"
mcocr_private_145120pjejw.jpg,0.9494623182632373,"VinCommerce|||Tổ 7, Khu Minh Tiến A|||P. Cẩm Bình, TP. Cẩm Phả QNH|||Ngày bán: 14/08/2020 10:48|||TỔNG TIỀN PHẢI T.TOÁN|||116.500"
mcocr_private_145120gdukg.jpg,0.605038269169877,"BIG C DI AN|||CTY TNHH EB BINH DUONG (""EBBO"")|||P.Dong Hoa, TX Di An, Tinh Binh Dong|||GIA TRI|||Ticket:25/05/2019 12:44:35|||- TONG CONG|||208,2240"
mcocr_private_145121yyzal.jpg,0.6247648696114623,"NHÀ SÁCH GC-TD CẨM PHẢ|||Đo, 212 Đường Trần Phú-Cẩm Phả|||13/08/2020|||Tổng số thanh toán:|||70.000đ"
mcocr_private_145120etnlw.jpg,0.5513968108358929,"MINIMART ANAN|||Ngày: 16/08/2020-08:44|||Tổng cộng:|||257,000"
mcocr_private_145120oogln.jpg,0.8900581209357213,"VinCommerce|||Tổ 7, Khu Minh Tiến Á|||P. Cẩm Bình, TP. Cẩm Phả Qua|||Ngày bán: 14/08/2020 16:21|||TỔNG TIỀN PHẢI T.TOÁN|||10.000"
mcocr_private_145120fxgmu.jpg,0.9420673507255044,"MINIMART ANAN|||Ngày: 10/08/2020-17:22|||Tổng cộng:|||23,000"
mcocr_private_145120ypcjr.jpg,0.7031886949160584,"MINIMART ANAN|||Ngày: 16/08/2020-17:57|||Tổng cộng:|||288,000"
mcocr_private_145121yzycq.jpg,0.8103307550753565,"VinCommerce|||VI44 QNH 1080-1082 Trần Phú|||Số 1080-1082 Đường Trần Phú|||TP. Cẩm Phá, Quảng Ninh|||Ngày bán: 13/08/2020 16:56|||TỔNG TIỀN PHẢI T.TOÁN|||100.700"
mcocr_private_145120jzwyq.jpg,0.5772766691661023,"VinCommerce|||DA QĐ dọc tuyến ĐC Tổ 3 Khu 2|||P. Cẩm Sơn TP. Cẩm Phà, T. QN|||Ngày bán: 15/08/2020 11:01|||TỔNG TIỀN PHẢI T.TOÁN|||12.000"
mcocr_private_145120osdez.jpg,0.9649405078468372,"MINIMART ANAN|||Ngày: 13/08 /|||Tổng cộng:|||356,000"
mcocr_private_145120rgoiu.jpg,0.932302848109982,"Guitar Cafe|||Ngày lập: 02/10/2020|||Thành tiền:||| 85,000"
mcocr_private_145121jtsvz.jpg,0.9881030164654814,VinCommerce|||Số 1060-1082 Đường Trần Phú|||TP. Cẩm Phả Quảng Ninh|||Ngày bán: 15/08/2020 10:58|||TỔNG TIỀN PHẢI T.TOÁN|||49.900
mcocr_private_145120rfgjj.jpg,0.9053858599701985,"VinCommerce|||Số 112 Thanh Niên P. Cẩm Thành|||TP. Cẩm Phà, Quảng Ninh|||Ngày bán: 15/08/2020 11:17|||TỔNG TIỀN PHẢI T.TOÁN|||43.800"
mcocr_private_145120cmjrk.jpg,0.9407081023316621,"SIEU THI BACH HOA TONG HOP|||Ngày: 09/08/2020-17: 19:0|||22:00|||Tổng cộng (đã gồm VAT)|||5,000"
mcocr_private_145121sqpwb.jpg,0.5123931809490944,"Saigon Co.op|||Tang 1,5H42 + Toa K3,Cong trinh chung cu|||ket hop dich vu tren o dat H-CT2 thuoc|||Du an Dau tu xay dung Khu nha o Hà Brand|||tai Khu do thi Noi Van Phu|||P. Phú La, Q. Ha Dong Tp Ha Noi|||Ngay: 19/09/2019|||18:16:44|||Tong so tien thanh toan|||59,190,00"
mcocr_private_145120jlnto.jpg,0.868282235877541,"Tổng số thanh toán:|||22,491,015"
mcocr_private_145120cbske.jpg,0.6660927339732143,VinCommerce|||Ngày bán: 13/08/2020 17:31|||TỔNG TIỀN PHẢI T.TOÁN|||21.542
mcocr_private_145120amcnb.jpg,0.9654079430241628,"VinCommerce|||Tổ 7, Khu Minh Tiến A|||P. Cẩm Bình, TP. Cẩm Phả QNH|||Giao dich treo|||Ngày: 10/08/2020|||Thời gian:10:09"
mcocr_private_145120irora.jpg,0.9011175694685695,"MINIMART ANAN|||Ngày: 15/08/2020-21:21|||Tổng cộng:|||27,000"
mcocr_private_145121qtpyr.jpg,0.9320320141876397,"Guitar Cafe|||Ngày lập: 03/10/2020|||Thành tiền:||| 80,000"
mcocr_private_145120dyknb.jpg,0.9053746582871944,"MINIMART ANAN|||Ngày: 09/08/2020:17:24|||Tổng tiền:|||72,000"
mcocr_private_145120etjwj.jpg,0.633402854797236,"TỔNG:|||200,000 D"
mcocr_private_145120nwmjf.jpg,0.8936872545677356,NHÀ SÁCH GC-TD CẨM PHẢ|||ĐC 212 Đường Trấn Phú-Cẩm Phả|||Thời gian: 09:59:51 - 15/08/2020|||Tổng số thanh toán:|||22.000đ
mcocr_private_145120bdbex.jpg,0.5540478132014786,"MINIMART ANAN|||Ngày: 11/08/2020-19:39|||Tổng tiền:|||229,1032"
mcocr_private_145120jrznp.jpg,0.9360833914530449,"VinCommerce|||Viêt 354-356 Mỹ Đình|||Q. Nam Từ Liêm, Hà Nội|||Ngay ban: 13/07/2020|||TỔNG TIỀN PHẢI T.TOÁN|||205.500"
mcocr_private_145120hnuff.jpg,0.9292966256688908,"MINIMART ANAN|||Tổng tiền:|||481,000"
mcocr_private_145120xjsdu.jpg,0.6112168587728322,"Tổng số thanh toán:|||16,713,018"
mcocr_private_145120yaqdo.jpg,0.9082933027984645,"Villart wincom skylake|||Ngày bán: 18/08/2020 17:5|||TỔNG TIỀN PHẢI T.TOÁN|||740,265"
mcocr_private_145121uslvw.jpg,0.7301516173394711,"CỬA HÀNG NĂM OÁNH|||Ngày: 14-07-2020|||Cộng tiền hàng|||660,000"
mcocr_private_145120ixchh.jpg,0.6525954336693003,NHÀ SÁCH GC-TD CẨM PHẢ|||ĐC 212 Đường Trần Phú-Cẩm Phả|||Thời gian: 10:12:34 - 15/08/2020|||Tổng số thanh toán:|||20.000đ
mcocr_private_145121lawdy.jpg,0.897672749576431,"SCTC CÔ THỎ 104 TRẦN PHÚ - CẨM PHẢ|||phường Cẩm Tây Thành Phố Cẩm|||104 Trần Phú|||Phả|||Quảng Ninh|||Ngày: 08, 08/2020 (08:2200|||Tổng số thanh toán:|||110.000đ"
mcocr_private_145120opuod.jpg,0.6137977437038852,"MINIMART ANAN|||Ngày: 12/08/2020-14:28|||Tổng tiền:|||450,000"
mcocr_private_145120gpiwi.jpg,0.5118322173507257,"MINIMART ANAN|||Ngày: 10/08/2020-17:20|||Tổng cộng:|||88,000"
mcocr_private_145120wmfat.jpg,0.5965648941638544,VinCommerce|||Số 86 Đường Trản Phú P. Cẩm Tây|||TP Cẩm Phả T. Quảng Ninh|||Ngày bán:09/08/2020 20:12|||TỔNG TIỀN PHẢI T.TOÁN|||63.000
mcocr_private_145121mihjo.jpg,0.6641309755988533,"NHÀ SÁCH GC-TD CẨM PHẢ|||ĐC 212 Đường Trần Phú-Cẩm Phả|||Thời gian: 20:21:36 - 14/08/2020|||Tổng cộng:|||64,000"
mcocr_private_145120aahvv.jpg,0.9321764710151432,"MINIMART ANAN|||Ngày: 13/08/2020-17:52|||Tổng tiền:|||146,010"
mcocr_private_145121sngso.jpg,0.9834445520241806,SCTC CÔ THỎ 104 TRẦN PHÚ - CẨM PHẢ|||104 Trần Phú|||phường Cẩm Tây - Thành Phố Cẩm|||Phả|||Quảng Ninh|||Ngày: 09/08/2020 (09:28 CH - 09:28|||Tổng số thanh toán:|||60.000đ
mcocr_private_145121vgzge.jpg,0.6395624963609357,VinCommerce|||VIM4 QNH 86 Trần Phú|||Số 88 Đường Trần Phú P. Cẩm Tây|||TP Cẩm Phả T. Quảng Ninh.|||Ngày bán: 10/08/2020 22:08|||TỔNG TIỀN PHẢI T.TOÁN|||18.100
mcocr_private_145121ssqlo.jpg,0.8207408693038138,"VinCommerce|||VIH- ANH TỔ 8 Khu 38 Cẩm Trung|||Tổ , Khu 38, P. Cẩm Trung|||TP. Cẩm Phà, T. Quảng Ninh|||TỔNG TIỀN PHẢI T.TOÁN|||28.000"
mcocr_private_145121bxdcv.jpg,0.6998391921800304,CỬA HÀNG NĂM OÁNH|||Ngày: 11-08-2020|||Cộng tiền hàng|||6900000
mcocr_private_145121veynk.jpg,0.9905748435991301,"VinCommerce|||Số 42 Phố Súi, xã Phú Thị|||huyện Gia Làm, Hà Nội|||Ngày bán: 14/08/2020 17:26|||TỔNG TIỀN PHẢI T.TOÁN|||193.920"
mcocr_private_145120biprv.jpg,0.768107866239361,"VinCommerce|||Số 1060-1082 Đường Trần Phú|||TP. Cẩm Phà, Quảng Ninh|||Ngày bán: 15/08/2020 07:20|||TỔNG TIỀN PHẢI T.TOÁN|||200.000"
mcocr_private_145121gguzl.jpg,0.9696185701623579,NHÀ SÁCH GC-TD CẨM PHẢ|||ĐC 212 Đường Trần Phú-Cẩm Phả|||Thời gian: 20:10:41 - 14/08/2020|||Tổng số thanh toán:|||302.000đ
mcocr_private_145121muyjp.jpg,0.5576708759257138,TỔNG:|||993.665 Đ
mcocr_private_145120ksdpo.jpg,0.985200305511114,"Saigon Co.op|||Tang 1,5142 - Toa K3,Cong trinh chung cu|||ket hop dich vu, tren o dat H-CT2 thuoc|||Du an Dau tu xay dung Khu nha di Brang|||tai Khu do thi Noi Van Phu|||P. Phú La, 2. Hà Dong Tp Ha Nội|||Ngay: 19/09/2019|||18:17:43|||Tong so tien thanh toan|||30,265,00"
mcocr_private_145120ipgzm.jpg,0.5892839080862318,"BIDV|||19/08/2020|||17:23:33|||TỔNG:|||VND50,000"
mcocr_private_145121ieaju.jpg,0.9812671578807777,"Saigon Co.op|||ket hop dich vu tren o dat h-ct2 thuoc|||Du an Dau tu xay dung Khu nha o Hà Brand|||tai Khu do thi Noi Van Phu|||P. Phú La, O. Ha Dong Tp Ha Noi|||Ngay: 20/09/2019|||12:18:21|||Tong so tien thanh toan|||27,213,00"
mcocr_private_145121trzmp.jpg,0.6327331812614843,"VinCommerce|||Tổ 7, Khu Minh Tiến A|||P. Cẩm Bình, TP. Cẩm Phả QNH|||Ngày bán: 14/08/2020 18:14|||TỔNG TIỀN PHẢI T.TOÁN|||48.600"
mcocr_private_145120wwctd.jpg,0.5542012736073556,NHÀ SÁCH GC-TD CẨM PHẢ|||Đó: 212 Đường Trần Phú-Cẩm Phả|||gian:10: 04:18 - 13/08/2020|||Tổng số thanh toán:|||40.000đ
mcocr_private_145121svpot.jpg,0.7172818792823221,"PHỐ MỎ|||Tổ 7 khu Tân Lập + - P.Cẩm Thủy -|||Tp. Cẩm Phả - Quảng Ninh|||11/08/2020 - 17:52|||Tổng cộng:|||20,000"
mcocr_private_145121vdfbw.jpg,0.8642725303263521,"VinCommerce|||Tổ 7, Khu Minh Tiến A|||P. Cẩm Bình, TP. Cẩm Phả QNH|||TỔNG TIỀN PHẢI T.TOÁN|||20.000"
mcocr_private_145120jsfef.jpg,0.6568386570974956,"MINIMART ANAN|||Ngày: 09/08/2020-18:40|||Tổng cộng:|||64,500"
mcocr_private_145120djlum.jpg,0.8031044266530716,"TỔNG:|||637,917 D"
mcocr_private_145120xqxio.jpg,0.755711529834739,THỨC COFFEE|||23:03:2019|||Tiền Thanh Toán:|||35 000
mcocr_private_145121nwzna.jpg,0.6925977166723636,"CỬA HÀNG NĂM OÁNH|||Ngày: 11-08-2020|||Cộng tiền hàng|||15,000"
mcocr_private_145120gryhs.jpg,0.7882940217482998,"VinCommerce|||DA Khu DCLB cọc 8, P. Cẩm Sơn|||TP. Cẩm Phà, T. Quảng Ninh|||TỔNG TIỀN PHẢI T.TOÁN|||20.000"
mcocr_private_145120rnpak.jpg,0.6273612530692909,"VinCommerce|||VIM4 QNH Dự án KDC lần biển cọc s|||DA KHU DCLB CỌC 8, P. CẨM SƠN|||TP. Cẩm Phá, T. Quảng Ninh|||Ngày bán: 12/08/2020 11:02|||TỔNG TIỀN PHẢI T.TOÁN|||115.132"
mcocr_private_145121itzwi.jpg,0.8543926419170853,"SIEU THI BACH HOA TONG HOP|||Số 5 Cẩm Tây - Cẩm Phả - QN|||Ngày: 10/08/2020 -11:|||Giờ làm việc: 7:30 - 22:00|||Tổng cộng (đã gồm VAT)|||144,000"
mcocr_private_145121qtukg.jpg,0.5008456391093148,"VinCommerce|||Tổ 7, Khu Minh Tiến A|||P. Cẩm Bình, TP. Cẩm Phả QNH|||Ngày bán: 13/08/2020 16:13|||TỔNG TIỀN PHẢI T.TOÁN|||49.500"
mcocr_private_145121wvbms.jpg,0.9627875827495413,"VinCommerce|||Tổ 7, Khu Minh Tiến A|||P. Cẩm Bình, TP. Cẩm Phả QNH|||Ngày bán: 14/08/2020 10:53|||TỔNG TIỀN PHẢI T.TOÁN|||70.198"
mcocr_private_145120pbtzc.jpg,0.769225998546396,"VinCommerce|||Số 463, Tổ 66, Khu Diêm Thủy|||P. Cẩm Đông, TP. Cẩm Phả|||Ngày bán: 15/08/2020 07:22|||TỔNG TIỀN PHẢI T.TOÁN|||40.900"
mcocr_private_145120zmrbk.jpg,0.8597149995724227,THỨC COFFEE|||09:10:2020|||Tổng cộng:|||19 000
mcocr_private_145120schnz.jpg,0.8709750389197383,"Saigon Co.op|||Tang 1,5142 - Toa K3,Cong trinh chung cu|||ket hop dich vu tren o dat H-CT2 thuoc|||Du an Dau tu xay dung Khu nha o Hà Brand|||P. Phú La, d. Ha Dong Tp. Ha Noi|||Ngay: 17/09/2017|||11:35:49|||Tong so tien thanh toan|||23,000,00"
mcocr_private_145120cykek.jpg,0.8353142522164998,THỨC COFFEE|||24:03:2019|||Tiền Thanh Toán|||35 000
mcocr_private_145120azxzl.jpg,0.6821107358906321,NHÀ SÁCH GC-TD CẨM PHẢ|||ĐC 212 Đường Trấn Phú-Cẩm Phả|||Thời gian: 10:43:17 - 15/08/2020|||Tổng số thanh toán:|||97.000đ
mcocr_private_145121geflx.jpg,0.5349869055631551,VinCommerce|||Ngày bân: 13/08/2020 10120|||TỔNG TIỀN PHẢI T.TOÁN|||203.397
mcocr_private_145120bnzpf.jpg,0.8321188424556362,VinCommerce|||Số 1060-1082 Đường Trần Phú|||TP. Cẩm Phả Quảng Ninh|||Ngày bán: 13/08/2020 18:19|||TỔNG TIỀN PHẢI T.TOÁN|||101.300
mcocr_private_145120ebzbl.jpg,0.6651000180212983,"MINIMART ANAN|||Ngày: 09/08/2020-21:02|||Tổng tiền:|||26,000"
mcocr_private_145120tqkzt.jpg,0.6569578225291799,"MINIMART ANAN|||Ngày: 17/08/2020-17:53|||Tổng cộng:|||180,000"
mcocr_private_145120pzxut.jpg,0.9240076397531678,NHÀ SÁCH GC-TD CẨM PHẢ|||Thời gian: 20:06:56 - 14/08/2020|||Tổng số thanh toán:|||175.000đ
mcocr_private_145120pgiom.jpg,0.8598771315069751,"Phúc Anh Minimart|||Ngày: 14-08-2020|||Cộng tiền hàng|||32,000"
mcocr_private_145121fqdpf.jpg,0.6501611341056321,|||
mcocr_private_145120qgzmk.jpg,0.6546423311043266,"SIEU THI BACH HOA TONG HOP|||2 2 : 22:00|||Ngày: 10/08/2020 -10:|||Tổng cộng (đã gồm VAT)|||104,000"
mcocr_private_145120cbyep.jpg,0.7041964543096084,"VinCommerce|||Số 7, Khu Minh Tiến A|||P. Cẩm Bình, TP. Cẩm Phà, QNH|||Ngày bán:09/08/2020 18:03|||TỔNG TIỀN PHẢI T.TOÁN|||70.400"
mcocr_private_145120sosih.jpg,0.7012001935288623,"MINIMART ANAN|||Ngày: 09/08/2020 -17:35|||Tổng tiền:|||248,016"
mcocr_private_145121auqqj.jpg,0.6478276012629736,NHÀ SÁCH GC-TD CẨM PHẢ|||Đ0: 212 Đường Trần Phú-Cẩm Phả|||Thời gian:10:51:22-11/08/2020|||Tổng số thanh toán:|||36.000đ
mcocr_private_145120jihqh.jpg,0.5636438995295766,03000000(20:11)
mcocr_private_145121yezog.jpg,0.7102231668864541,"Vietcombank|||VGR, VINNAKT.4967, VININH|||Địa chỉ dai ly:|||17:34:41"
mcocr_private_145121vpylo.jpg,0.9701818353650915,04:10:2020 19:35|||04:10:2020 19:36|||Tiền Thanh Toán:|||74 000
mcocr_private_145120adyuf.jpg,0.8386589726363665,"HÓA DON BÁN LF|||25/07/2020 16:32:22|||Tổng tiền:|||110,000"
